{"stats":{"minecraft:mined":{"minecraft:oak_log":8,"minecraft:oak_leaves":1,"minecraft:sand":2},"minecraft:custom":{"minecraft:jump":67,"minecraft:time_since_rest":3525,"minecraft:leave_game":1,"minecraft:crouch_one_cm":60,"minecraft:sprint_one_cm":6173,"minecraft:play_time":3525,"minecraft:damage_taken":30,"minecraft:time_since_death":3525,"minecraft:walk_one_cm":3177,"minecraft:sneak_time":13,"minecraft:total_world_time":3525,"minecraft:fall_one_cm":1993,"minecraft:fly_one_cm":16684},"minecraft:picked_up":{"minecraft:sand":2,"minecraft:oak_log":8},"minecraft:used":{"minecraft:sand":2},"minecraft:crafted":{"minecraft:oak_planks":24}},"DataVersion":3700}